{
    "min_m": 0.0,
    "max_m": 4.63,
    "mean_m": 2.015656683193362,
    "count": 19766,
    "count_0_01": 21,
    "percent_0_01": 0.1062430436102398
}